11 Oph b,Confirmed,21,3,3,,,,,,,730000,365000,365000,243,55,55,,,,,,,1.675862,2007,18/06/2018,,,,,,,,,,,,,,,,,,,,,,,,,,,,,,,,,,,,,Published in a refereed paper,Imaging,,,Oph 1622-2405 b,,11 Oph,245.6041667,-24.0872222,,,,,14.03,145,20,20,,,,0.0162,0.005,0.005,,,,M9,0.011,0.002,0.002,2375,175,175,,,"Oph 11A, Oph 1622-2405"
1RXS 1609 b,Confirmed,14,3,2,,,,1.7,,,,,,330,0,0,,,,,,,2.275862,2008,05/03/2015,,,,,,,,,,,,,,,,,,,,,,,,,,,,,,,1800,,,,,4,Published in a refereed paper,Imaging,,,"1RXS J160929.1-210524 b, 1RXS J1609b, 1RXS J1609-2105b, RXJ 1609","CO, H2O, K",1RXS1609,242.375,-21.0827778,,10.99,9.82,9.12,8.92,145,20,20,,,,0.73,0.05,0.05,1.35,,,K7V,0.011,0.002,0.002,4060,200,200,,,
2M 0103-55 (AB) b,Confirmed,13,1,1,,,,,,,,,,84,,,,,,,,,,2013,23/02/2016,,,,,,,,,,,,,,,,,,,,,,,,,,,,,,,,,,,,,Published in a refereed paper,Imaging,,,,,2M 0103-55 (AB),15.9,-55.2656,,,7.5,,,47.2,3.1,3.1,,,,0.4,,,,,,M,0.03,,,,,,,,
2M 0122-24 b,Confirmed,20,7,7,,,,1,0.2,0.2,,,,52,6,6,,,,,,,,2013,23/02/2016,,,,,,,,,,,,,,,,,,,,,,,,,,,,,,,1380,,,,,,Published in a refereed paper,Imaging,,,,,2M 0122-24,20.7125,-24.6142,,,,,,36,4,4,,,,0.4,0.05,0.05,,,,M3.5,0.12,0.01,0.01,,,,,,
2M 0219-39 b,Confirmed,13.9,1.1,1.1,,,,1.44,0.03,0.03,,,,156,10,10,,,,,,,,2015,23/02/2016,,,,,,,,,,,,,,,,,,,,,,,,,,,,,,,1683,,,,,,Published in a refereed paper,Imaging,Spectrum,Theoretical,,,2M 0219-39,34.84166667,-39.42305557,,,,,,39.4,2.6,2.6,,,,0.11,0.01,0.01,0.27,0.01,0.01,M6,,,,3064,76,76,,,2MASS J0292210-3925225
2M 0441+23 b,Confirmed,7.5,2.5,2.5,,,,,,,,,,15,0.6,0.6,,,,,,,0.107143,2010,23/02/2016,,,,,,,,,,,,,,,,,,,,,,,,,,,,,,,,,,,,,Published in a refereed paper,Imaging,,,,,2M 0441+23,70.4375,23.0308333,,,14.2,13.72,13.16,140,,,,,,0.02,,,,,,M8.5,0.001,,,,,,,,
2M 0746+20 b,Confirmed,30,25,25,,,,0.97,0.06,0.06,4640,25,25,2.897,0.005,0.005,0.487,0.003,0.003,138.2,0.5,0.5,0.237265,2010,20/01/2012,354.4,0.9,0.9,,,,,,,,,,,,,,,,,,,,,,,,,,,,,,,,,,Published in a refereed paper,Imaging,,,,,2M 0746+20,116.6791667,20.0088889,,,,,,12.21,0.05,0.05,,,,0.12,0.09,0.09,0.089,0.003,0.003,,,,,2205,50,50,,,
2M 1207-39 b,Confirmed,4,1,1,,,,,,,,,,46,5,5,,,,,,,0.877863,2004,23/02/2016,,,,,,,,,,,,,,,,,,,,,,,,,,,,,,,,,,,,,Published in a refereed paper,Imaging,,,,,2M 1207-39,181.8875,-39.5483333,20.15,15.95,13,,,52.4,1.1,1.1,,,,0.025,,,,,,M8,0.008,0.003,0.003,,,,,,
2M 2140+16 b,Confirmed,20,20,80,,,,0.92,0.39,0.39,7340,584,584,3.53,0.15,0.15,0.26,0.06,0.06,46.2,8.7,8.7,0.1412,2010,20/01/2012,223,47,47,,,,,,,,,,,,,,,,,,,,,,,,,,,,,,,,,,Published in a refereed paper,Imaging,,,,,2M 2140+16,325.1208333,16.4216667,,,,,,25,10,10,,,,0.08,0.06,0.06,0.1,0.043,0.043,,,,,2300,80,80,,,
2M 2206-20 b,Confirmed,30,20,70,,,,1.3,0.18,0.18,8686,69.4,69.4,4.48,0.4,0.4,0,,,44.3,0.7,0.7,0.167979,2010,20/01/2012,,,,,,,,,,,,,,,,,,,,,,,,,,,,,,,,,,,,,Published in a refereed paper,Imaging,,,,,2M 2206-20,331.5958333,-20.785,,,,,,26.67,2.63,2.63,,,,0.13,0.05,0.05,0.11,0.015,0.015,,,,,2350,80,80,,,
2M 2236+4751 b,Confirmed,12.5,1.5,1.5,,,,,,,,,,230,20,20,,,,,,,3.7,2016,03/11/2016,,,,,,,,,,,,,,,,,,,,,,,,,,,,,,,1200,,,,,,Published in a refereed paper,Imaging,Spectrum,,,"CO, H2O",2M 2236+4751,339.1041667,47.86194447,12.5,,,,,63,,,,,,0.6,0.05,0.05,,,,K7,0.12,0.01,0.01,,,,,,
2M J2126-81 b,Confirmed,13.3,1.7,1.7,,,,,,,,,,6900,,,,,,,,,,2016,23/02/2016,,,,,,,,,,,,,,,,,,,,,,,,,,,,,,,1800,,,,,,Published in a refereed paper,Imaging,Spectrum,,,,TYC 9486-927-1,321.3666667,-81.64111113,9,,,,,24.75,4.25,4.25,,,,0.4,,,,,,M2,0.027,0.017,0.017,,,,,,
2MASS J1450-7841 A,Confirmed,40,,,,,,,,,,,,300,,,,,,,,,,2017,17/05/2018,,,,,,,,,,,,,,,,,,,,,,,,,,,,,,,,,,,,,Published in a refereed paper,Imaging,Spectrum,,,,2MASS J1450-7841 B,222.6708333,-78.69388891,,,,,,75,25,25,,,,0.04,,,,,,M9p,,,,,,,,,
2MASS J1450-7841 B,Confirmed,40,,,,,,,,,,,,300,,,,,,,,,,2017,17/05/2018,,,,,,,,,,,,,,,,,,,,,,,,,,,,,,,,,,,,,Published in a refereed paper,Imaging,Spectrum,,,,2MASS J1450-7841 A,222.675,-78.69472225,,,,,,75,,,,,,0.04,,,,,,M8p,,,,,,,,,
2MASS J2250+2325 b,Confirmed,30,4,11,,,,,,,,,,518,40,40,,,,,,,,2017,26/02/2018,,,,,,,,,,,,,,,,,,,,,,,,,,,,,,,,,,,,,Published in a refereed paper,Imaging,Spectrum,,,,2MASS J2250+2325,342.5625,23.42611113,,,,,,41.5,10,10,,,,,,,,,,M3,0.15,,,,,,,,
51 Eri b,Confirmed,9.1,3.3,4.9,,,,1.11,0.13,0.16,14965,4380,12775,14,3,7,0.21,0.15,0.15,138,13,15,,2015,13/04/2017,90,58,58,2452014.79,12,12,,,,,,,,,,,,,,,,,,,,,,700,,,,,,,,3.5,Published in a refereed paper,Imaging,Spectrum,,,"CH4, H2O",51 Eri,69.40055143,-2.473548598,5.223,,,,,29.4,0.3,0.3,-0.027,,,1.75,0.05,0.05,,,,F0IV,0.02,0.006,0.006,,,,IR Excess,,
AB Pic b,Confirmed,13.5,0.5,0.5,,,,,,,,,,275,,,,,,,,,5.813953,2005,06/12/2010,,,,,,,,,,,,,,,,,,,,,,,,,,,,,,,,,,,,,Published in a refereed paper,Imaging,,,,,AB Pic,94.8,-58.0541667,9.16,,,,,47.3,1.8,1.8,-0.64,,,,,,,,,K2 V,0.03,,,4875,,,,,
CD-35 2722 b,Confirmed,31,8,8,,,,,,,,,,67,4,4,,,,,,,3.14554,2011,23/02/2011,,,,,,,,,,,,,,,,,,,,,,,,,,,,,,,,,,,,,Published in a refereed paper,Imaging,,,,,CD-35 2722,92.33004292,-35.82533225,10.98,,,,,21.3,1.4,1.4,0.04,0.5,0.5,0.4,0.05,0.05,,,,M1V,0.1,0.05,0.05,3680,100,100,,,
CFBDS 1458 b,Confirmed,10.5,4.5,4.5,,,,,,,14227,8600,8600,2.6,0.3,0.3,,,,,,,0.112554,2011,10/03/2017,,,,,,,,,,,,,,,,,,,,,,,,,,,,,,,,,,,,,Published in a refereed paper,Imaging,,,,,CFBDS 1458,224.6208333,10.2286111,,,19.86,20.18,20.63,31.9,2.4,2.8,,,,0.024,0.016,0.016,,,,T9.5,3,2,2,560,100,100,,,
CHXR 73 b,Confirmed,12,5,8,,,,,,,,,,200,,,,,,,,,,2006,25/05/2014,,,,,,,,,,,,,,,,,,,,,,,,,,,,,,,,,,,,,Published in a refereed paper,Imaging,,,,,CHXR 73,166.6208333,-77.6258333,,,,11.32,,,,,,,,0.35,0,0,,,,M3.25,0.002,,,,,,,,
CT Cha b,Confirmed,17,6,6,,,,2.2,0.6,0.6,,,,440,,,,,,,,,2.666667,2008,24/09/2008,,,,,,,,,,,,,,,,,,,,,,,,,,,,,,,,,,,,,Published in a refereed paper,Imaging,,,,,CT Cha,166.0375,-76.4552778,12.36,,,,,165,30,30,,,,,,,,,,K7,0.002,0.002,0.002,,,,,,
DE0823-49 b,Confirmed,31.5,13,13,,,,,,,247.75,0.64,0.64,0.36,0.01,0.01,0.36,0.04,0.04,52.2,1.5,1.5,,2013,01/06/2015,41.8,4.9,4.9,,,,,,,,,,,,,,,,,,,,,,,,,,,,1670,,,,,,Published in a refereed paper,Imaging,Astrometry,,,,DE0823-49,125.7625,-48.79972222,,,,,,20.69,0.06,0.06,,,,0.045,0.017,0.017,,,,,0.1,0.02,0.5,2150,100,100,,,
DH Tau b,Confirmed,11,0.003,0.01,,,,,,,,,,330,,,,,,,,,,2005,08/03/2011,,,,,,,,,,,,,,,,,,,,,,,,,,,,,,,,,,,,,Published in a refereed paper,Imaging,,,,,DH Tau,67.425,26.5494444,13.71,,,,,,,,,,,0.37,0.12,0.12,,,,M0.5V,0.001,0.0009,0.0009,,,,,,
FU Tau b,Confirmed,15,,,,,,,,,,,,800,,,,,,,,,5.714286,2009,19/09/2011,,,,,,,,,,,,,,,,,,,,,,,,,,,,,,,,,,,,,Published in a refereed paper,Imaging,,,,,FU Tau,65.8958333,25.0508333,,,,9.95,,140,,,,,,0.05,,,,,,M7.25,0.001,,,2838,,,,,
FW Tau b,Confirmed,10,4,4,,,,,,,,,,330,30,30,,,,,,,,2013,02/12/2013,,,,,,,,,,,,,,,,,,,,,,,,,,,,,,,,,,,,,Published in a refereed paper,Imaging,,,,,FW Tau,67.37500001,26.28138891,15.5,,,,,145,15,15,,,,0.26,0.18,0.18,,,,M4,0.0018,0.001,0.0005,3270,70,70,,,
Fomalhaut b,Confirmed,3,3,0,,,,,,,320000,,,115,,,0.11,0,0,,,,14.92731,2008,22/05/2014,,,,,,,,,,,,,,,,,,,,,,,,,,,,,,,,,,,,,Published in a refereed paper,Imaging,,,,,Fomalhaut,344.4125,-29.6222222,1.16,,,,,7.704,0.028,0.028,,,,1.92,0.02,0.02,1.842,0.019,0.019,A3 V,0.44,0.04,0.04,8590,73,73,Imaging,,HD 216956
GJ 504 b,Confirmed,4,1,4.5,,,,0.96,0.07,0.07,,,,43.5,,,,,,,,,,2013,01/12/2015,,,,,,,,,,,,,,,,,,,,,,,,,,,,,,,544,,,,,3.9,Published in a refereed paper,Imaging,Spectrum,Flux,59 Vir b,CH4,GJ 504,199.1958,9.4242,5.22,,,,,17.56,0.08,0.08,0.28,0.03,0.03,1.22,0.08,0.08,,,,GOV,0.16,0.35,0.06,6234,25,25,,,"e Virginis, HR 5011, 59 Virginis"
GJ 570 D,Confirmed,42.5,4.5,4.5,,,,0.855,0.023,0.023,,,,1500,,,,,,,,,,2000,13/07/2017,,,,,,,,,,,,,,,,,,,,,,,,,,,,810,10,10,,,,,,,Published in a refereed paper,Imaging,Theoretical,Theoretical,HR 5568 D,NH3,GJ 570 ABC,224.3666667,-21.4152778,5.64,,,,,5.91,0.06,0.06,0.06,,,0.802,0.04,0.04,,,,K4/M1/M3,,,,4758,,,,,HR 5568 ABC
GJ 758 b,Confirmed,45,5,5,,,,,,,109000,62000,198000,44.8,14.1,44.4,0.564,0.148,0.148,43.6,17.4,13.1,3.516129,2009,06/03/2017,,,,,,,,,,,,,,,,,,,,,,,,,,,,,,,741,,,,,5,Published in a refereed paper,Imaging,Spectrum,,,CH4,GJ 758,290.8916667,33.2219444,6.36,,,,,15.5,,,0.18,0.04,0.04,0.97,,,0.88,,,K0V,8.2,0.5,0.5,5425,,,,,"Gliese 758, HR 7368, HD 182488"
GQ Lup b,Confirmed,21.5,20.5,20.5,,,,1.8,,,,,,103,37,37,,,,,,,0.735714,2005,06/12/2010,,,,,,,,,,,,,,,,,,,,,,,,,,,,,,,,,,,,,Published in a refereed paper,Imaging,,,,,GQ Lup,237.3,-35.6508333,11.4,,,,,140,50,50,,,,0.7,,,,,,K7eV,0.001,0.001,0.001,,,,Imaging,,
GSC 6214-210 b,Confirmed,17,3,3,,,,,,,,,,320,0,0,,,,,,,2.206897,2010,31/01/2014,,,,,,,,,,,,,,,,,,,,,,,,,,,,,,,,,,,,,Published in a refereed paper,Imaging,,,,,GSC 6214-210,245.4791667,-20.7186111,,,,,9.15,145,14,14,,,,0.6,,,,,,M1,0.011,0.002,0.002,,,,,,
GU Psc b,Confirmed,11,1,1,,,,1.35,0.03,0.03,,,,2000,200,200,,,,,,,,2014,31/03/2015,,,,,,,,,,,,,,,,,,,,,,,,,,,,,,,1050,,,,,4.5,Published in a refereed paper,Imaging,,,,CH4,GU Psc,18.14583335,17.06555557,13.55,,,,,48,5,5,,,,0.35,,,,,,M3,0.1,0.03,0.03,,,,,,
HD 106906 b,Confirmed,11,2,2,,,,,,,,,,654,3,3,,,,,,,,2013,05/12/2013,,,,,,,,,,,,,,,,,,,,,,,,,,,,,,,,,,,,,Published in a refereed paper,Imaging,,,,,HD 106906,184.4708334,-54.02444442,7.8,,,,,92,6,6,,,,1.5,0.1,0.1,,,,F5V,0.013,0.002,0.002,6516,165,165,Imaging,,
HD 1160 b,Confirmed,79,40,65,,,,,,,,,,80,0,0,,,,,,,0.772947,2012,22/08/2016,,,,,,,,,,,,,,,,,,,,,,,,,,,,,,,,,,,,,Published in a refereed paper,Imaging,,,,,HD 1160,3.9875,4.2511111,7.12,,,,,103.5,4,4,-0.3,,,,,,,,,A0V,0.05,0.04,0.04,,,,,,
HD 169142 b,Confirmed,30,2,2,,,,,,,,,,22.7,4.7,4.7,,,,,,,,2014,22/02/2018,,,,,,,,,,,,,,,,,,,,,,,,,,,,,,,,,,,,,Published in a refereed paper,Imaging,,,,,HD169142,276.1241042,-29.78050808,8.16,,7.31,,,117,,,,,,1.65,,,1.6,,,A7V,12,,,7650,150,150,Imaging,,
HD 19467 b,Confirmed,52,4.3,4.3,,,,,,,,,,51.1,1,1,,,,,,,,2016,08/01/2016,,,,,,,,,,,,,,,,,,,,,,,,,,,,,,,978,,,,,,Published in a refereed paper,Imaging,Spectrum,,,,HD 19467,46.82916667,-13.76166669,7,,,,,30.86,0.6,0.6,-0.15,0.04,0.04,0.95,0.02,0.02,1.15,0.03,0.03,G3V,7.2,2.8,2.8,5680,40,40,,,
HD 203030 b,Confirmed,11,4,4,,,,,,,,,,487,,,,,,,,,,2017,02/11/2017,,,,,,,,,,,,,,,,,,,,,,,,,,,,,,,1040,,,,,,Published in a refereed paper,Imaging,Spectrum,,,,HD 203030,319.7416667,26.2305556,8.43,,,,,41,1.2,1.2,,,,0.97,,,,,,G8V,0.25,0.07,0.07,,,,,,
HD 206893 b,Confirmed,22.5,8,8,,,,,,,,,,10,,,,,,,,,,2016,05/09/2017,,,,,,,,,,,,,,,,,,,,,,,,,,,,,,,1400,,,,,,Published in a refereed paper,Imaging,Spectrum,,,,HD 206893,326.3416667,-12.78333335,6.67,,,,,38.34,0.8,0.8,,,,1.24,,,,,,F5V,1.1,1,1,6486,,,,,
HD 284149 b,Confirmed,32,18,14,,,,,,,,,,400,,,,,,,,,,2014,31/07/2014,,,,,,,,,,,,,,,,,,,,,,,,,,,,,,,2537,,,,,,Published in a refereed paper,Imaging,,,,,HD 284149,61.66250001,20.30305556,9.63,,,,,108.2,18.5,18.5,,,,1.14,0.05,0.05,,,,F8,0.025,0.025,0.01,6040,60,60,,,
HD 95086 b,Confirmed,4.4,0.8,0.8,,,,,,,,,,61.7,8.4,20.7,0.2,0.2,0,153,13.5,9.7,,2013,22/06/2016,,,,,,,,,,,,,,,,,,,,,,,,,,,,,,,1050,,,,,3.85,Published in a refereed paper,Imaging,Spectrum,,,,HD 95086,164.2625,-68.6672,7.36,,,,,90.4,3.3,3.3,,,,1.6,,,,,,A8III,0.017,0.004,0.004,7550,100,100,Imaging,,
HD 984 b,Confirmed,65,40,40,,,,,,,,,,18,4,10,,,,,,,,2017,09/03/2017,,,,,,,,,,,,,,,,,,,,,,,,,,,,,,,2730,,,,,,Published in a refereed paper,Imaging,Spectrum,,,,HD 984,3.54166667,-7.199166683,7.3,,,,,47.1,1.4,1.4,,,,1.2,,,,,,F7V,0.08,0.05,0.12,6315,89,89,,,
HII 1348 b,Confirmed,59,6,6,,,,,,,,,,138,7,7,,,,,,,,2012,16/05/2016,,,,,,,,,,,,,,,,,,,,,,,,,,,,,,,,,,,,,Published in a refereed paper,Imaging,Spectrum,,,,HII 1348,56.82500001,24.39083335,12.8,,,,,127,7,7,,,,,,,,,,K5V,,,,,,,,,
HIP 64892 b,Confirmed,33,4,4,,,,,,,,,,159,12,12,,,,,,,,2018,29/06/2018,,,,,,,,,,,,,,,,,,,,,,,,,,,,,,,2600,,,,,,Published in a refereed paper,Imaging,Spectrum,,,,HIP 64892,199.5208333,-44.05527778,6.8,,,,,125,,,,,,2.35,,,1.79,,,B9.5V,0.016,,,10400,,,,,
HIP 65426 b,Confirmed,9,3,3,,,,1.5,0.1,0.1,,,,92,,,,,,,,,,2017,22/02/2018,,,,,,,,,,,,,,,,,,,,,,,,,,,,1450,150,150,,,,,,,Published in a refereed paper,Imaging,Spectrum,,,,HIP 65426,201.15,-51.50444446,7.01,,,,,11.1,0.3,0.3,,,,1.96,0.04,0.04,1.77,0.05,0.05,A2V,0.014,0.004,0.004,8840,200,200,,,"HD 116434, 2MASS J13243609-5130159 "
HIP 73990 b,Confirmed,21,5,30,,,,,,,,,,20,4,4,,,,,,,,2015,28/02/2017,,,,,,,,,,,,,,,,,,,,,,,,,,,,,,,,,,,,,Published in a refereed paper,Imaging,Spectrum,,,,HIP 73990,226.8125,-29.50444446,8.12,,,,,125,15,15,,,,1.72,0.1,0.1,,,,A9V,0.015,0.005,0.005,7450,80,80,,,HD 133803
HIP 73990 c,Confirmed,22,6,35,,,,,,,,,,32,7,7,,,,,,,,2015,20/05/2015,,,,,,,,,,,,,,,,,,,,,,,,,,,,,,,,,,,,,Published in a refereed paper,Imaging,,,,,HIP 73990,226.8125,-29.50444446,8.12,,,,,125,15,15,,,,1.72,0.1,0.1,,,,A9V,0.015,0.005,0.005,7450,80,80,,,HD 133803
HIP 74865 b,Confirmed,28,10,37,,,,,,,,,,23,6,6,,,,,,,,2015,20/05/2015,,,,,,,,,,,,,,,,,,,,,,,,,,,,,,,,,,,,,Published in a refereed paper,Imaging,Spectrum,,,,HIP 74865,229.4833334,-30.47805557,9,,,,,115,15,15,,,,1.42,0.05,0.05,,,,F3V,0.015,0.005,0.005,6640,10,10,,,HD 135778
HIP 77900 b,Confirmed,20,3,7,,,,,,,,,,3200,300,300,,,,,,,,2013,26/05/2014,,,,,,,,,,,,,,,,,,,,,,,,,,,,2400,,,,,,,,,Published in a refereed paper,Imaging,,,,,HIP 77900,238.625,-27.3386,,,,,,,,,,,,,,,,,,B6,,,,13700,1550,1200,,,
HIP 78530 b,Confirmed,23.04,4,4,,,,,,,,,,710,60,60,,,,,,,4.530951,2011,26/01/2011,,,,,,,,,,,,,,,,,,,,,,,,,,,,,,,,,,,,,Published in a refereed paper,Imaging,,,,,HIP 78530,240.4791667,-21.9802778,7.18,,,,,156.7,13,13,,,,2.5,0,0,,,,B9V,0.011,0.002,0.002,10500,0,0,,,
HN Peg b,Confirmed,16,9.4,9.4,,,,1.1,0.06,0.06,,,,795,15,15,,,,,,,43.206522,2007,23/04/2011,,,,,,,,,,,,,,,,,,,,,,,,,,,,,,,,,,,,,Published in a refereed paper,Imaging,,,,,HN Peg,326.1291667,14.7719444,6,,,,,18.4,0.3,0.3,,,,1,,,,,,G0V,0.2,,,,,,,,
HR 2562 b,Confirmed,30,15,15,,,,,,,,,,20.3,0.3,0.3,,,,,,,,2016,06/10/2016,,,,,,,,,,,,,,,,,,,,,,,,,,,,,,,,,,,,,Published in a refereed paper,Imaging,Spectrum,,,,HR 2562,102.5042264,-60.2491438,6.114,,,,,33.63,0.48,0.48,0.015,0.065,0.065,1.3,,,,,,F5V,0.6,0.3,0.3,,,,IR Excess,,
HR 3549 b,Confirmed,45,5,5,,,,,,,,,,80,,,,,,,,,,2015,22/06/2016,,,,,,,,,,,,,,,,,,,,,,,,,,,,,,,2350,,,,,,Published in a refereed paper,Imaging,Spectrum,,,,HR 3549,133.2666667,-56.64944447,6.01,,,,,92.5,,,,,,,,,,,,A0V,0.125,0.025,0.025,10207,347,347,IR Excess,,HD 76346
HR 8799 b,Confirmed,7,2,4,,,,1.2,0.1,0.1,164250,,,68,,,0,,,28,,,1.725888,2008,13/03/2015,,,,,,,,,,,,,,,,,,,,,,2047.1,,,,,,,,,,,,,,,Published in a refereed paper,Imaging,,,,"CO, CH4, H2O",HR 8799,346.8708333,21.1341667,5.96,,,,,39.4,1,1,-0.47,,,1.56,,,1.5,0.3,0.3,A5V,0.06,0.03,0.03,,,,Imaging,,HD 218396
HR 8799 c,Confirmed,10,3,3,,,,1.3,0,0,82145,,,42.9,,,0,,,28,,,1.088832,2008,30/08/2013,,,,,,,,,,,,,,,,,,,,,,1936.7,,,,,,,,,,,,,,,Published in a refereed paper,Imaging,,,,,HR 8799,346.8708333,21.1341667,5.96,,,,,39.4,1,1,-0.47,,,1.56,,,1.5,0.3,0.3,A5V,0.06,0.03,0.03,,,,Imaging,,HD 218396
HR 8799 d,Confirmed,10,3,3,,,,1.2,0,0,41054,,,27,,,0.1,,,28,,,0.685279,2008,30/08/2013,80.2,,,,,,,,,,,,,,,,,,,,,2003.7,,,,,,,,,,,,,,,Published in a refereed paper,Imaging,,,,,HR 8799,346.8708333,21.1341667,5.96,,,,,39.4,1,1,-0.47,,,1.56,,,1.5,0.3,0.3,A5V,0.06,0.03,0.03,,,,Imaging,,HD 218396
HR 8799 e,Confirmed,9,4,4,,,,,,,18000,0,0,14.5,0.5,0.5,,,,,,,0.36802,2010,30/08/2013,,,,,,,,,,,,,,,,,,,,,,,,,,,,,,,,,,,,,Published in a refereed paper,Imaging,,,,,HR 8799,346.8708333,21.1341667,5.96,,,,,39.4,1,1,-0.47,,,1.56,,,1.5,0.3,0.3,A5V,0.06,0.03,0.03,,,,Imaging,,HD 218396
Kepler-70  b,Confirmed,0.014,,,,,,0.068,,,0.2401,4.00E-06,4.00E-06,0.006,,,,,,,,,5.00E-06,2011,24/02/2016,,,,,,,,,,,,,,,,,,,,,,,,,,,,,,,,,,,,,Published in a refereed paper,Imaging,,,KOI-55 b,,Kepler-70,296.3541667,41.0927778,14.87,,,,,1180,95,95,,,,0.496,0.002,0.002,0.203,0.007,0.007,sdB,0.0184,0.001,0.001,27730,270,270,,,KOI-55
Kepler-70 c,Confirmed,0.0021,,,,,,0.078,,,0.34289,1.30E-05,1.30E-05,0.0076,,,,,,,,,6.00E-06,2011,24/02/2016,,,,,,,,,,,,,,,,,,,,,,,,,,,,,,,,,,,,,Published in a refereed paper,Imaging,,,KOI-55 c,,Kepler-70,296.3541667,41.0927778,14.87,,,,,1180,95,95,,,,0.496,0.002,0.002,0.203,0.007,0.007,sdB,0.0184,0.001,0.001,27730,270,270,,,KOI-55
L2 Pup b,Confirmed,12,11.99,16,,,,,,,,,,2,,,,,,,,,,2016,29/12/2016,,,,,,,,,,,,,,,,,,,,,,,,,,,,,,,,,,,,,Published in a refereed paper,Imaging,,,,,L2 Pup,108.3846588,-44.63973974,5.1,,,,,64,4,4,0.008,,,0.659,0.011,0.011,,,,M5,,,,3500,250,250,,,
LKCA 15 b,Confirmed,6,1,1,,,,,,,40000,0,0,15.7,2.1,2.1,,,,,,,0.108276,2011,09/09/2015,,,,,,,,,,,,,,,,,,,,,,,,,,,,,,,,,,,,,Published in a refereed paper,Imaging,,,,,LKCA 15,69.825,22.3508333,11.91,,,,,145,15,15,,,,0.97,0.03,0.03,,,,K5V,0.002,,,,,,,,
PDS 70 b,Confirmed,10.5,3.5,3.5,,,,,,,43465,,,22,,,,,,,,,,2018,04/07/2018,,,,,,,,,,,,,,,,,,,,,,,,,,,,,,,,,,,,,Published in a refereed paper,Imaging,,,,,PDS 70,212.0423105,-41.39793796,12.233,,,,,113.43,0.52,0.52,,,,0.76,0.02,0.02,1.26,0.15,0.15,K7,5.4,1,1,3972,36,36,Imaging,,"2MASS J14081015-4123525, V* V1032 Cen"
PZ Tel b,Confirmed,62,9,9,,,,,,,,,,20,,,0.62,,,,,,,2010,27/03/2015,,,,,,,,,,,,,,,,,,,,,,,,,,,,,,,2987,,,,,4.78,Published in a refereed paper,Imaging,,,,,PZ Tel,283.275,-50.1805556,8.43,,,,,51.49,2.6,2.6,0.05,0.2,0.2,1.13,0.03,0.03,1.23,0.04,0.04,G6.5,0.023,0.003,0.003,5338,200,200,,,"HD 174429, HIP 92680"
ROXs 12 b,Confirmed,16,4,4,,,,,,,,,,210,20,20,,,,,,,,2013,02/12/2013,,,,,,,,,,,,,,,,,,,,,,,,,,,,,,,,,,,,,Published in a refereed paper,Imaging,,,,,ROXs 12,246.6041667,-24.54333332,15.5,,,,,120,,,,,,0.87,0.08,0.08,,,,M0,0.0076,0.0041,0.0025,3850,100,70,,,
ROXs 42B b,Confirmed,9,3,3,,,,2.5,,,,,,140,10,10,,,,,,,,2013,02/04/2015,,,,,,,,,,,,,,,,,,,,,,,,,,,,,,,1975,,,,,3.6,Published in a refereed paper,Imaging,,,,"CO, H2O, K",ROXs 42B,247.8125,-24.5456,14.27,,,,,135,5,5,,,,0.6,,,,,,M0 D,0.0068,0.0023,0.0034,2200,200,200,,,
Ross 458 (AB) c,Confirmed,11.3,4.5,4.5,,,,1.07,0.07,0.07,,,,1168,,,,,,,,,10.245614,2010,23/02/2016,,,,,,,,,,,,,,,,,,,,,,,,,,,,,,,670,,,,,4.35,Published in a refereed paper,Imaging,,,"Ross 458C, WISEPC J130041.65+122114.6 , HIP 63510C","H2, CH4, H2O, K",Ross 458 (AB),195.1958333,12.3758333,9.76,,,,,11.7,0.2,0.2,0,,,0.6,0.08,0.08,,,,M0.5,0.475,0.325,0.325,,,,,,"DT Virginis, HIP 63510, GI 494"
SR 12 AB c,Confirmed,13,7,7,,,,,,,,,,1083,217,217,,,,,,,8.664,2011,27/12/2017,,,,,,,,,,,,,,,,,,,,,,,,,,,,,,,,,,,,,Published in a refereed paper,Imaging,,,,,SR 12 (AB),246.8333333,-24.6944444,13.28,,,,,125,25,25,,,,,,,,,,K4-M2.5,0.001,inf,nan,,,,,,
TWA 5 A (AB) b,Confirmed,25,20,120,,,,,,,,,,86,,,0.45,,,,,,,2009,23/02/2016,,,,,,,,,,,,,,,,,,,,,,,,,,,,,,,,,,,,,Published in a refereed paper,Imaging,Spectrum,,,,TWA 5 A (AB),172.9791667,-34.6075,12.12,,,,,25,,,,,,0.4,,,,,,M1.5,0.1,0.09,0.09,,,,,,
USco1602-2401 b,Confirmed,47,18,20,,,,,,,,,,1000,140,140,,,,,,,,2013,22/05/2014,,,,,,,,,,,,,,,,,,,,,,,,,,,,2790,,,,,,,,,Published in a refereed paper,Imaging,,,,,USco1602-2401,240.7125,-24.030666,,,12.5,,,,,,,,,,,,,,,K4,,,,4550,120,120,,,
USco1610-1913 b,Confirmed,20,3,7,,,,,,,,,,840,90,90,,,,,,,,2013,22/05/2014,,,,,,,,,,,,,,,,,,,,,,,,,,,,2400,,,,,,,,,Published in a refereed paper,Imaging,,,,,USco1610-1913,242.6333,-19.219055,,,13.9,,,,,,,,,,,,,,,K7,,,,4140,130,160,,,
USco1612-1800 b,Confirmed,26,7,16,,,,,,,,,,430,40,40,,,,,,,,2013,22/05/2014,,,,,,,,,,,,,,,,,,,,,,,,,,,,2550,,,,,,,,,Published in a refereed paper,Imaging,,,,,USco1612-1800,243.2042,-18.01375,,,,,13.2,,,,,,,,,,,,,M3,,,,3410,130,150,,,
UScoCTIO 108 b,Confirmed,14,8,2,,,,,,,,,,670,,,,,,,,,4.62069,2007,26/05/2014,,,,,,,,,,,,,,,,,,,,,,,,,,,,,,,,,,,,,Published in a refereed paper,Imaging,,,,,UScoCTIO 108,241.475,-18.3119444,,15.65,14.42,15.07,,145,2,2,,,,0.057,0.02,0.02,,,,M7,0.011,0.002,0.002,2600,100,100,,,
VHS 1256-1257 b,Confirmed,11.2,1.8,9.7,,,,,,,,,,102,9,9,,,,,,,,2015,25/07/2016,,,,,,,,,,,,,,,,,,,,,,,,,,,,,,,880,,,,,,Published in a refereed paper,Imaging,Spectrum,,,,VHS 1256-1257 ,194.0083333,-12.95666669,17.8,,,,,12.7,1,1,,,,0.073,0.02,0.015,,,,M7.5,0.2,0.1,0.05,2620,140,140,,,
WD 0806-661 B b,Confirmed,8,2,2,,,,,,,,,,2500,,,,,,,,,130.208333,2011,23/02/2016,,,,,,,,,,,,,,,,,,,,,,,,,,,,,,,,,,,,,Published in a refereed paper,Imaging,,,,,WD 0806-661B,121.725,-66.3047222,,,,,,19.2,0.6,0.6,,,,0.62,0.03,0.03,,,,DQ D,1.5,0.3,0.3,,,,,,
WISE 0458+6434 b,Confirmed,13,7,3,,,,1.009,0.035,0.011,25800,,,5,0.4,0.4,,,,,,,,2011,16/10/2015,,,,,,,,,,,,,,,,,,,,,,,,,,,,,,,590,,,,,4.5,Published in a refereed paper,Imaging,,,"WISEP J045853.90+643451.9B , WISE J0458+6434B","CH4, H2O",WISE 0458+6434 A,74.72500002,64.58138891,,,17.5,17.77,,10.5,1.4,1.4,,,,0.019,0.006,0.008,0.098,0.003,0.003,T 8.5,1,,,730,130,180,,,"WISEPC J045853.90+643451.9A, WISEP J045853.90+643452.6A, WISE J0458+6434A"
WISE 1217+16 A b,Confirmed,22,2,2,,,,0.96,0.03,0.03,47400,11000,80000,7.6,,,,,,,,,,2012,08/06/2017,,,,,,,,,,,,,,,,,,,,,,,,,,,,,,,450,,,,,4.8,Published in a refereed paper,Imaging,,,"WISEPC J121756.91+162640.2B, WISE J1217+1626B","H2, CH4, H2O",WISE 1217+16 A,184.4875,16.44444446,19,,18,,,10,2,2,,,,0.03,0.005,0.005,0.091,0.004,0.004,T8.5,6,2,2,575,25,25,,,
WISE 1711+3500 b,Confirmed,18,7,7,,,,,,,125000,29000,29000,15,2,2,,,,,,,,2012,05/03/2015,,,,,,,,,,,,,,,,,,,,,,,,,,,,,,,460,,,,,4.56,Published in a refereed paper,Imaging,,,WISE J1511+3500B,,WISE 1711+3500,257.7708333,35.01027779,18,,,,,19,3,3,,,,0.034,0.012,0.012,,,,T8,3,2,2,770,80,80,,,WISE J1511+3500B
WISE J0720-0846,Confirmed,62,0.11,0.09,,,,,,,1388,475,1096,1.3,0.3,0.6,0.8,0.6,0,93.5,1.6,2,,2014,24/11/2015,54,,,,,,,,,,,,,,,,,,,,,,,,,,,,,,,,,,,,Published in a refereed paper,Imaging,Spectrum,,,,WISE J0720-0846,110.0125,-8.78083336,,,,,,6.8,0.7,0.7,,,,0.081,0.016,0.028,,,,M,,,,,,,,,
beta Cir b,Confirmed,56,7,7,,,,,,,,,,6656,,,,,,,,,,2015,30/10/2015,,,,,,,,,,,,,,,,,,,,,,,,,,,,,,,2084,,,,,,Published in a refereed paper,Imaging,Spectrum,,,,beta Cir,229.3791667,-58.80111113,,,,,,30.56,0.18,0.18,,,,1.96,0.001,0.003,,,,A3V,0.367,,,8676,33,33,,,
beta Pic b,Confirmed,7,3,4,,,,1.65,0.06,0.06,13288,47,47,13.18,0.09,0.09,0.323,0.05,0.05,89.01,0.36,0.36,0.440415,2008,06/12/2016,87,5.6,5.6,,,,,,,,,,,,,,,,,,,,,,,,,,,,,,,,,,Published in a refereed paper,Imaging,Spectrum,Flux,,H,beta Pic,86.8208333,-51.0663889,3.86,,,,,19.3,0.2,0.2,,,,1.73,0.05,0.05,,,,A6V,0.04,0.004,0.004,,,,Imaging,,
kappa And b,Confirmed,14,2,25,,,,1.2,0.1,0.2,,,,55,2,2,,,,,,,,2013,17/05/2016,,,,,,,,,,,,,,,,,,,,,,,,,,,,,,,1900,,,,,4.5,Published in a refereed paper,Imaging,,,,H2O,kappa And,355.1042,44.3339,4.14,0.2,4.6,,,51.6,,,-0.36,0.09,0.09,2.8,0.2,0.1,2.29,0.06,0.06,B9IV,0.03,0.01,0.12,11361,66,66,,,"HD 222439, HR 8976, HIP 116805, 19 Andromedae"